{
    "train": {
        "box_loss": 0.38361,
        "cls_loss": 0.12978,
        "dfl_loss": 0.06398,
        "angle_loss": 0.00236
    },
    "metrics": {
        "precision(B)": 1.0,
        "recall(B)": 0.97894,
        "mAP50(B)": 0.99449,
        "mAP50-95(B)": 0.90425
    },
    "val": {
        "box_loss": 0.52069,
        "cls_loss": 0.17798,
        "dfl_loss": 0.02535,
        "angle_loss": 0.00271
    },
    "lr": {
        "pg0": 0.00013299999999999965,
        "pg1": 0.00013299999999999965,
        "pg2": 0.00013299999999999965
    },
    "model": {
        "parameters": 2647524,
        "GFLOPs": 6.267,
        "speed_PyTorch(ms)": 3.201
    },
    "step": 299
}
