{"best_loss": 2.1785850524902344, "best_epoch": 18, "best_precision": 0.6275510204081632}